curve,tenor,pay_freq,daycount,par_coupon_%
SOFR,1M,Monthly,Act/360,3.6598640424799314
SOFR,1M,Monthly,Act/365F,3.7106954875143745
SOFR,1M,Monthly,Act/Act ISDA,3.7106954875143754
SOFR,1M,Monthly,Act/Act AFB,3.7106954875143745
SOFR,1M,Monthly,30/360 Bond,3.7818595105625956
SOFR,1M,Monthly,30E/360,3.7818595105625956
SOFR,1M,Monthly,Act/Act ICMA,3.7818595105625956
SOFR,3M,Monthly,Act/360,3.7108286764793137
SOFR,3M,Monthly,Act/365F,3.7623679636526366
SOFR,3M,Monthly,Act/Act ISDA,3.7623679636526393
SOFR,3M,Monthly,Act/Act AFB,3.7623679636526366
SOFR,3M,Monthly,30/360 Bond,3.793417193728547
SOFR,3M,Monthly,30E/360,3.793417193728547
SOFR,3M,Monthly,Act/Act ICMA,3.7935445877978182
SOFR,3M,Quarterly,Act/360,3.7226719379190345
SOFR,3M,Quarterly,Act/365F,3.7743757148345756
SOFR,3M,Quarterly,Act/Act ISDA,3.774375714834576
SOFR,3M,Quarterly,Act/Act AFB,3.7743757148345756
SOFR,3M,Quarterly,30/360 Bond,3.805397980983901
SOFR,3M,Quarterly,30E/360,3.805397980983901
SOFR,3M,Quarterly,Act/Act ICMA,3.805397980983901
SOFR,6M,Monthly,Act/360,3.798404647330035
SOFR,6M,Monthly,Act/365F,3.8511602674318404
SOFR,6M,Monthly,Act/Act ISDA,3.851160267431842
SOFR,6M,Monthly,Act/Act AFB,3.8511602674318404
SOFR,6M,Monthly,30/360 Bond,3.8828728457938415
SOFR,6M,Monthly,30E/360,3.8828728457938415
SOFR,6M,Monthly,Act/Act ICMA,3.8830680556344617
SOFR,6M,Quarterly,Act/360,3.8108148614145034
SOFR,6M,Quarterly,Act/365F,3.863742845600816
SOFR,6M,Quarterly,Act/Act ISDA,3.8637428456008163
SOFR,6M,Quarterly,Act/Act AFB,3.863742845600816
SOFR,6M,Quarterly,30/360 Bond,3.8954996361126035
SOFR,6M,Quarterly,30E/360,3.8954996361126035
SOFR,6M,Quarterly,Act/Act ICMA,3.8954996361126035
SOFR,6M,Semiann,Act/360,3.8298046247276862
SOFR,6M,Semiann,Act/365F,3.8829963556266804
SOFR,6M,Semiann,Act/Act ISDA,3.8829963556266804
SOFR,6M,Semiann,Act/Act AFB,3.8829963556266804
SOFR,6M,Semiann,30/360 Bond,3.9149113941660785
SOFR,6M,Semiann,30E/360,3.9149113941660785
SOFR,6M,Semiann,Act/Act ICMA,3.9149113941660785
SOFR,12M,Monthly,Act/360,3.900354814939998
SOFR,12M,Monthly,Act/365F,3.954526409591942
SOFR,12M,Monthly,Act/Act ISDA,3.954526409591943
SOFR,12M,Monthly,Act/Act AFB,3.954526409591942
SOFR,12M,Monthly,30/360 Bond,3.9548233258210685
SOFR,12M,Monthly,30E/360,3.9548233258210685
SOFR,12M,Monthly,Act/Act ICMA,3.9549941299556974
SOFR,12M,Quarterly,Act/360,3.9132808756357336
SOFR,12M,Quarterly,Act/365F,3.967631998908452
SOFR,12M,Quarterly,Act/Act ISDA,3.9676319989084523
SOFR,12M,Quarterly,Act/Act AFB,3.967631998908452
SOFR,12M,Quarterly,30/360 Bond,3.9679035338351736
SOFR,12M,Quarterly,30E/360,3.9679035338351736
SOFR,12M,Quarterly,Act/Act ICMA,3.9679035338351736
SOFR,12M,Semiann,Act/360,3.9329391482346447
SOFR,12M,Semiann,Act/365F,3.9875633030712363
SOFR,12M,Semiann,Act/Act ISDA,3.9875633030712363
SOFR,12M,Semiann,Act/Act AFB,3.9875633030712363
SOFR,12M,Semiann,30/360 Bond,3.987892810820987
SOFR,12M,Semiann,30E/360,3.987892810820987
SOFR,12M,Semiann,Act/Act ICMA,3.987892810820987
SOFR,12M,Annual,Act/360,3.9732099461484998
SOFR,12M,Annual,Act/365F,4.028393417622784
SOFR,12M,Annual,Act/Act ISDA,4.028393417622784
SOFR,12M,Annual,Act/Act AFB,4.028393417622784
SOFR,12M,Annual,30/360 Bond,4.028393417622784
SOFR,12M,Annual,30E/360,4.028393417622784
SOFR,12M,Annual,Act/Act ICMA,4.028393417622784
SOFR,24M,Monthly,Act/360,3.9100303282120574
SOFR,24M,Monthly,Act/365F,3.964336304992781
SOFR,24M,Monthly,Act/Act ISDA,3.96704175647583
SOFR,24M,Monthly,Act/Act AFB,3.9647552941180795
SOFR,24M,Monthly,30/360 Bond,3.96993042323131
SOFR,24M,Monthly,30E/360,3.96993042323131
SOFR,24M,Monthly,Act/Act ICMA,3.9700877442675933
SOFR,24M,Quarterly,Act/360,3.922986525873684
SOFR,24M,Quarterly,Act/365F,3.977472449844151
SOFR,24M,Quarterly,Act/Act ISDA,3.9801873197588
SOFR,24M,Quarterly,Act/Act AFB,3.9787918506226476
SOFR,24M,Quarterly,30/360 Bond,3.9830555935292957
SOFR,24M,Quarterly,30E/360,3.9830555935292957
SOFR,24M,Quarterly,Act/Act ICMA,3.9830555935292957
SOFR,24M,Semiann,Act/360,3.9425850125748485
SOFR,24M,Semiann,Act/365F,3.9973431377494983
SOFR,24M,Semiann,Act/Act ISDA,4.000072335924995
SOFR,24M,Semiann,Act/Act AFB,3.9999835157891095
SOFR,24M,Semiann,30/360 Bond,4.002982315820084
SOFR,24M,Semiann,30E/360,4.002982315820084
SOFR,24M,Semiann,Act/Act ICMA,4.002982315820084
SOFR,24M,Annual,Act/360,3.9822976736086284
SOFR,24M,Annual,Act/365F,4.037607363519859
SOFR,24M,Annual,Act/Act ISDA,4.040390088728088
SOFR,24M,Annual,Act/Act AFB,4.043028334048323
SOFR,24M,Annual,30/360 Bond,4.043028334048323
SOFR,24M,Annual,30E/360,4.043028334048323
SOFR,24M,Annual,Act/Act ICMA,4.043028334048323
AAA,1M,Monthly,Act/360,3.8368874102841213
AAA,1M,Monthly,Act/365F,3.890177513204734
AAA,1M,Monthly,Act/Act ISDA,3.8901775132047343
AAA,1M,Monthly,Act/Act AFB,3.890177513204734
AAA,1M,Monthly,30/360 Bond,3.964783657293592
AAA,1M,Monthly,30E/360,3.964783657293592
AAA,1M,Monthly,Act/Act ICMA,3.964783657293592
AAA,3M,Monthly,Act/360,4.017862209655176
AAA,3M,Monthly,Act/365F,4.073665851455942
AAA,3M,Monthly,Act/Act ISDA,4.073665851455944
AAA,3M,Monthly,Act/Act AFB,4.073665851455942
AAA,3M,Monthly,30/360 Bond,4.107298249532601
AAA,3M,Monthly,30E/360,4.107298249532601
AAA,3M,Monthly,Act/Act ICMA,4.107451864584744
AAA,3M,Quarterly,Act/360,4.032028375496767
AAA,3M,Quarterly,Act/365F,4.088028769600888
AAA,3M,Quarterly,Act/Act ISDA,4.088028769600889
AAA,3M,Quarterly,Act/Act AFB,4.088028769600888
AAA,3M,Quarterly,30/360 Bond,4.121629006063362
AAA,3M,Quarterly,30E/360,4.121629006063362
AAA,3M,Quarterly,Act/Act ICMA,4.121629006063362
AAA,6M,Monthly,Act/360,4.155552088631234
AAA,6M,Monthly,Act/365F,4.213268089862224
AAA,6M,Monthly,Act/Act ISDA,4.213268089862225
AAA,6M,Monthly,Act/Act AFB,4.213268089862224
AAA,6M,Monthly,30/360 Bond,4.24796919519156
AAA,6M,Monthly,30E/360,4.24796919519156
AAA,6M,Monthly,Act/Act ICMA,4.248206089916627
AAA,6M,Quarterly,Act/360,4.170577109435564
AAA,6M,Quarterly,Act/365F,4.228501791511059
AAA,6M,Quarterly,Act/Act ISDA,4.228501791511059
AAA,6M,Quarterly,Act/Act AFB,4.228501791511059
AAA,6M,Quarterly,30/360 Bond,4.263256600756355
AAA,6M,Quarterly,30E/360,4.263256600756355
AAA,6M,Quarterly,Act/Act ICMA,4.263256600756355
AAA,6M,Semiann,Act/360,4.193548879520992
AAA,6M,Semiann,Act/365F,4.251792613958783
AAA,6M,Semiann,Act/Act ISDA,4.251792613958783
AAA,6M,Semiann,Act/Act AFB,4.251792613958783
AAA,6M,Semiann,30/360 Bond,4.286738854621458
AAA,6M,Semiann,30E/360,4.286738854621458
AAA,6M,Semiann,Act/Act ICMA,4.286738854621458
AAA,12M,Monthly,Act/360,4.150757892199642
AAA,12M,Monthly,Act/365F,4.208407307369082
AAA,12M,Monthly,Act/Act ISDA,4.208407307369083
AAA,12M,Monthly,Act/Act AFB,4.208407307369082
AAA,12M,Monthly,30/360 Bond,4.208748548905707
AAA,12M,Monthly,30E/360,4.208748548905707
AAA,12M,Monthly,Act/Act ICMA,4.208945103375589
AAA,12M,Quarterly,Act/360,4.165464798775828
AAA,12M,Quarterly,Act/365F,4.223318476536604
AAA,12M,Quarterly,Act/Act ISDA,4.223318476536604
AAA,12M,Quarterly,Act/Act AFB,4.223318476536604
AAA,12M,Quarterly,30/360 Bond,4.223625256775709
AAA,12M,Quarterly,30E/360,4.223625256775709
AAA,12M,Quarterly,Act/Act ICMA,4.223625256775709
AAA,12M,Semiann,Act/360,4.187750244500354
AAA,12M,Semiann,Act/365F,4.245913442340636
AAA,12M,Semiann,Act/Act ISDA,4.245913442340637
AAA,12M,Semiann,Act/Act AFB,4.245913442340636
AAA,12M,Semiann,30/360 Bond,4.246276487044111
AAA,12M,Semiann,30E/360,4.246276487044111
AAA,12M,Semiann,Act/Act ICMA,4.246276487044111
AAA,12M,Annual,Act/360,4.232135421507182
AAA,12M,Annual,Act/365F,4.290915080139226
AAA,12M,Annual,Act/Act ISDA,4.290915080139226
AAA,12M,Annual,Act/Act AFB,4.290915080139226
AAA,12M,Annual,30/360 Bond,4.290915080139226
AAA,12M,Annual,30E/360,4.290915080139226
AAA,12M,Annual,Act/Act ICMA,4.290915080139226
AAA,24M,Monthly,Act/360,4.310326024005749
AAA,24M,Monthly,Act/365F,4.370191663228051
AAA,24M,Monthly,Act/Act ISDA,4.3731642722803405
AAA,24M,Monthly,Act/Act AFB,4.370652382329561
AAA,24M,Monthly,30/360 Bond,4.376379616503634
AAA,24M,Monthly,30E/360,4.376379616503634
AAA,24M,Monthly,Act/Act ICMA,4.376571111609811
AAA,24M,Quarterly,Act/360,4.326137518266727
AAA,24M,Quarterly,Act/365F,4.386222761575988
AAA,24M,Quarterly,Act/Act ISDA,4.389206254691783
AAA,24M,Quarterly,Act/Act AFB,4.387673819033871
AAA,24M,Quarterly,30/360 Bond,4.392394966870715
AAA,24M,Quarterly,30E/360,4.392394966870715
AAA,24M,Quarterly,Act/Act ICMA,4.392394966870715
AAA,24M,Semiann,Act/360,4.350080818638932
AAA,24M,Semiann,Act/365F,4.410498607786694
AAA,24M,Semiann,Act/Act ISDA,4.413498603144189
AAA,24M,Semiann,Act/Act AFB,4.413400668280192
AAA,24M,Semiann,30/360 Bond,4.416732860012873
AAA,24M,Semiann,30E/360,4.416732860012873
AAA,24M,Semiann,Act/Act ICMA,4.416732860012873
AAA,24M,Annual,Act/360,4.398188303626743
AAA,24M,Annual,Act/365F,4.459274252288225
AAA,24M,Annual,Act/Act ISDA,4.462338745014734
AAA,24M,Annual,Act/Act AFB,4.465244117183244
AAA,24M,Annual,30/360 Bond,4.465244117183244
AAA,24M,Annual,30E/360,4.465244117183244
AAA,24M,Annual,Act/Act ICMA,4.465244117183244
AA,1M,Monthly,Act/360,3.9299607736608997
AA,1M,Monthly,Act/365F,3.984543562183968
AA,1M,Monthly,Act/Act ISDA,3.984543562183968
AA,1M,Monthly,Act/Act AFB,3.984543562183968
AA,1M,Monthly,30/360 Bond,4.060959466116263
AA,1M,Monthly,30E/360,4.060959466116263
AA,1M,Monthly,Act/Act ICMA,4.060959466116263
AA,3M,Monthly,Act/360,4.110937669345135
AA,3M,Monthly,Act/365F,4.168034025863817
AA,3M,Monthly,Act/Act ISDA,4.16803402586382
AA,3M,Monthly,Act/Act AFB,4.168034025863817
AA,3M,Monthly,30/360 Bond,4.202448983748559
AA,3M,Monthly,30E/360,4.202448983748559
AA,3M,Monthly,Act/Act ICMA,4.202609634152315
AA,3M,Quarterly,Act/360,4.125758481153466
AA,3M,Quarterly,Act/365F,4.183060682280597
AA,3M,Quarterly,Act/Act ISDA,4.183060682280598
AA,3M,Quarterly,Act/Act AFB,4.183060682280597
AA,3M,Quarterly,30/360 Bond,4.217442002956876
AA,3M,Quarterly,30E/360,4.217442002956876
AA,3M,Quarterly,Act/Act ICMA,4.217442002956876
AA,6M,Monthly,Act/360,4.248624825558504
AA,6M,Monthly,Act/365F,4.307633503691259
AA,6M,Monthly,Act/Act ISDA,4.307633503691261
AA,6M,Monthly,Act/Act AFB,4.307633503691259
AA,6M,Monthly,30/360 Bond,4.343113488298638
AA,6M,Monthly,30E/360,4.343113488298638
AA,6M,Monthly,Act/Act ICMA,4.343360960897864
AA,6M,Quarterly,Act/360,4.264323547400861
AA,6M,Quarterly,Act/365F,4.323550263336983
AA,6M,Quarterly,Act/Act ISDA,4.323550263336983
AA,6M,Quarterly,Act/Act AFB,4.323550263336983
AA,6M,Quarterly,30/360 Bond,4.359086292898657
AA,6M,Quarterly,30E/360,4.359086292898657
AA,6M,Quarterly,Act/Act ICMA,4.359086292898657
AA,6M,Semiann,Act/360,4.2883227600355855
AA,6M,Semiann,Act/365F,4.347882798369413
AA,6M,Semiann,Act/Act ISDA,4.347882798369413
AA,6M,Semiann,Act/Act AFB,4.347882798369413
AA,6M,Semiann,30/360 Bond,4.3836188213697085
AA,6M,Semiann,30E/360,4.3836188213697085
AA,6M,Semiann,Act/Act ICMA,4.3836188213697085
AA,12M,Monthly,Act/360,4.243842296006151
AA,12M,Monthly,Act/365F,4.302784550117347
AA,12M,Monthly,Act/Act ISDA,4.302784550117349
AA,12M,Monthly,Act/Act AFB,4.302784550117347
AA,12M,Monthly,30/360 Bond,4.303141167309171
AA,12M,Monthly,30E/360,4.303141167309171
AA,12M,Monthly,Act/Act ICMA,4.303346564742483
AA,12M,Quarterly,Act/360,4.259213310885384
AA,12M,Quarterly,Act/365F,4.318369051314347
AA,12M,Quarterly,Act/Act ISDA,4.318369051314348
AA,12M,Quarterly,Act/Act AFB,4.318369051314347
AA,12M,Quarterly,30/360 Bond,4.31868967781688
AA,12M,Quarterly,30E/360,4.31868967781688
AA,12M,Quarterly,Act/Act ICMA,4.31868967781688
AA,12M,Semiann,Act/360,4.282506711528454
AA,12M,Semiann,Act/365F,4.341985971410793
AA,12M,Semiann,Act/Act ISDA,4.341985971410794
AA,12M,Semiann,Act/Act AFB,4.341985971410793
AA,12M,Semiann,30/360 Bond,4.342365552031776
AA,12M,Semiann,30E/360,4.342365552031776
AA,12M,Semiann,Act/Act ICMA,4.342365552031776
AA,12M,Annual,Act/360,4.328924476394057
AA,12M,Annual,Act/365F,4.389048427455085
AA,12M,Annual,Act/Act ISDA,4.389048427455085
AA,12M,Annual,Act/Act AFB,4.389048427455085
AA,12M,Annual,30/360 Bond,4.389048427455085
AA,12M,Annual,30E/360,4.389048427455085
AA,12M,Annual,Act/Act ICMA,4.389048427455085
AA,24M,Monthly,Act/360,4.403536326032413
AA,24M,Monthly,Act/365F,4.464696552782864
AA,24M,Monthly,Act/Act ISDA,4.4677312818568415
AA,24M,Monthly,Act/Act AFB,4.465166951654596
AA,24M,Monthly,30/360 Bond,4.471022782417772
AA,24M,Monthly,30E/360,4.471022782417772
AA,24M,Monthly,Act/Act ICMA,4.471222637932637
AA,24M,Quarterly,Act/360,4.420038337236467
AA,24M,Quarterly,Act/365F,4.481427758586973
AA,24M,Quarterly,Act/Act ISDA,4.484473844962462
AA,24M,Quarterly,Act/Act AFB,4.4829094181143745
AA,24M,Quarterly,30/360 Bond,4.487737570374539
AA,24M,Quarterly,30E/360,4.487737570374539
AA,24M,Quarterly,Act/Act ICMA,4.487737570374539
AA,24M,Semiann,Act/360,4.445029404197966
AA,24M,Semiann,Act/365F,4.506765923700715
AA,24M,Semiann,Act/Act ISDA,4.509829231217551
AA,24M,Semiann,Act/Act AFB,4.5097291838114
AA,24M,Semiann,30/360 Bond,4.51314063357786
AA,24M,Semiann,30E/360,4.51314063357786
AA,24M,Semiann,Act/Act ICMA,4.51314063357786
AA,24M,Annual,Act/360,4.495260143638795
AA,24M,Annual,Act/365F,4.557694312300446
AA,24M,Annual,Act/Act ISDA,4.560824925171933
AA,24M,Annual,Act/Act AFB,4.5637929823447605
AA,24M,Annual,30/360 Bond,4.5637929823447605
AA,24M,Annual,30E/360,4.5637929823447605
AA,24M,Annual,Act/Act ICMA,4.5637929823447605
A,1M,Monthly,Act/360,3.9982192987548646
A,1M,Monthly,Act/365F,4.053750122348682
A,1M,Monthly,Act/Act ISDA,4.053750122348683
A,1M,Monthly,Act/Act AFB,4.053750122348682
A,1M,Monthly,30/360 Bond,4.131493275380027
A,1M,Monthly,30E/360,4.131493275380027
A,1M,Monthly,Act/Act ICMA,4.131493275380027
A,3M,Monthly,Act/360,4.1791976893004446
A,3M,Monthly,Act/365F,4.237242101651839
A,3M,Monthly,Act/Act ISDA,4.237242101651841
A,3M,Monthly,Act/Act AFB,4.237242101651839
A,3M,Monthly,30/360 Bond,4.272231075203127
A,3M,Monthly,30E/360,4.272231075203127
A,3M,Monthly,Act/Act ICMA,4.272396984932773
A,3M,Quarterly,Act/360,4.194508015255927
A,3M,Quarterly,Act/365F,4.25276507102337
A,3M,Quarterly,Act/Act ISDA,4.252765071023371
A,3M,Quarterly,Act/Act AFB,4.25276507102337
A,3M,Quarterly,30/360 Bond,4.287719304483836
A,3M,Quarterly,30E/360,4.287719304483836
A,3M,Quarterly,Act/Act ICMA,4.287719304483836
A,6M,Monthly,Act/360,4.316882854240764
A,6M,Monthly,Act/365F,4.376839560549663
A,6M,Monthly,Act/Act ISDA,4.376839560549664
A,6M,Monthly,Act/Act AFB,4.376839560549663
A,6M,Monthly,30/360 Bond,4.412890809313379
A,6M,Monthly,30E/360,4.412890809313379
A,6M,Monthly,Act/Act ICMA,4.413146185923768
A,6M,Quarterly,Act/360,4.333085058515952
A,6M,Quarterly,Act/365F,4.393266795439784
A,6M,Quarterly,Act/Act ISDA,4.393266795439784
A,6M,Quarterly,Act/Act AFB,4.393266795439784
A,6M,Quarterly,30/360 Bond,4.429375837594083
A,6M,Quarterly,30E/360,4.429375837594083
A,6M,Quarterly,Act/Act ICMA,4.429375837594083
A,6M,Semiann,Act/360,4.357852169658065
A,6M,Semiann,Act/365F,4.418377894236649
A,6M,Semiann,Act/Act ISDA,4.418377894236649
A,6M,Semiann,Act/Act AFB,4.418377894236649
A,6M,Semiann,30/360 Bond,4.454693328983799
A,6M,Semiann,30E/360,4.454693328983799
A,6M,Semiann,Act/Act ICMA,4.454693328983799
A,12M,Monthly,Act/360,4.312108837481592
A,12M,Monthly,Act/365F,4.37199923800217
A,12M,Monthly,Act/Act ISDA,4.371999238002171
A,12M,Monthly,Act/Act AFB,4.37199923800217
A,12M,Monthly,30/360 Bond,4.372367347270766
A,12M,Monthly,30E/360,4.372367347270766
A,12M,Monthly,Act/Act ICMA,4.372579353849596
A,12M,Quarterly,Act/360,4.327976231056099
A,12M,Quarterly,Act/365F,4.388087012042989
A,12M,Quarterly,Act/Act ISDA,4.388087012042989
A,12M,Quarterly,Act/Act AFB,4.388087012042989
A,12M,Quarterly,30/360 Bond,4.388417988159253
A,12M,Quarterly,30E/360,4.388417988159253
A,12M,Quarterly,Act/Act ICMA,4.388417988159253
A,12M,Semiann,Act/360,4.352023122886341
A,12M,Semiann,Act/365F,4.412467888481984
A,12M,Semiann,Act/Act ISDA,4.412467888481984
A,12M,Semiann,Act/Act AFB,4.412467888481984
A,12M,Semiann,30/360 Bond,4.412859832004842
A,12M,Semiann,30E/360,4.412859832004842
A,12M,Semiann,Act/Act ICMA,4.412859832004842
A,12M,Annual,Act/360,4.399960994654095
A,12M,Annual,Act/365F,4.461071564024291
A,12M,Annual,Act/Act ISDA,4.461071564024291
A,12M,Annual,Act/Act AFB,4.461071564024291
A,12M,Annual,30/360 Bond,4.461071564024291
A,12M,Annual,30E/360,4.461071564024291
A,12M,Annual,Act/Act ICMA,4.461071564024291
A,24M,Monthly,Act/360,4.471894990686933
A,24M,Monthly,Act/365F,4.534004643335362
A,24M,Monthly,Act/Act ISDA,4.537084872429058
A,24M,Monthly,Act/Act AFB,4.534482133579706
A,24M,Monthly,30/360 Bond,4.540432403230865
A,24M,Monthly,30E/360,4.540432403230865
A,24M,Monthly,Act/Act ICMA,4.5406385042786495
A,24M,Quarterly,Act/360,4.488912805115507
A,24M,Quarterly,Act/365F,4.5512588162976675
A,24M,Quarterly,Act/Act ISDA,4.554350755944232
A,24M,Quarterly,Act/Act AFB,4.552762897922204
A,24M,Quarterly,30/360 Bond,4.557669658171191
A,24M,Quarterly,30E/360,4.557669658171191
A,24M,Quarterly,Act/Act ICMA,4.557669658171191
A,24M,Semiann,Act/360,4.514686653103867
A,24M,Semiann,Act/365F,4.577390634396976
A,24M,Semiann,Act/Act ISDA,4.580500331895979
A,24M,Semiann,Act/Act AFB,4.580398735350219
A,24M,Semiann,30/360 Bond,4.583868507028434
A,24M,Semiann,30E/360,4.583868507028434
A,24M,Semiann,Act/Act ICMA,4.583868507028434
A,24M,Annual,Act/360,4.566504231626558
A,24M,Annual,Act/365F,4.62992790151026
A,24M,Annual,Act/Act ISDA,4.633107001328543
A,24M,Annual,Act/Act AFB,4.636121026353662
A,24M,Annual,30/360 Bond,4.636121026353662
A,24M,Annual,30E/360,4.636121026353662
A,24M,Annual,Act/Act ICMA,4.636121026353662
BBB,1M,Monthly,Act/360,4.190605746894204
BBB,1M,Monthly,Act/365F,4.248808604489957
BBB,1M,Monthly,Act/Act ISDA,4.248808604489958
BBB,1M,Monthly,Act/Act AFB,4.248808604489957
BBB,1M,Monthly,30/360 Bond,4.3302926051240105
BBB,1M,Monthly,30E/360,4.3302926051240105
BBB,1M,Monthly,Act/Act ICMA,4.3302926051240105
BBB,3M,Monthly,Act/360,4.371588157141654
BBB,3M,Monthly,Act/365F,4.432304659324177
BBB,3M,Monthly,Act/Act ISDA,4.4323046593241795
BBB,3M,Monthly,Act/Act AFB,4.432304659324177
BBB,3M,Monthly,30/360 Bond,4.468911943851362
BBB,3M,Monthly,30E/360,4.468911943851362
BBB,3M,Monthly,Act/Act ICMA,4.469093130872412
BBB,3M,Quarterly,Act/360,4.388321017108108
BBB,3M,Quarterly,Act/365F,4.449269920123497
BBB,3M,Quarterly,Act/Act ISDA,4.4492699201234975
BBB,3M,Quarterly,Act/Act AFB,4.449269920123497
BBB,3M,Quarterly,30/360 Bond,4.485839261932732
BBB,3M,Quarterly,30E/360,4.485839261932732
BBB,3M,Quarterly,Act/Act ICMA,4.485839261932732
BBB,6M,Monthly,Act/360,4.509267734985378
BBB,6M,Monthly,Act/365F,4.571896453526842
BBB,6M,Monthly,Act/Act ISDA,4.5718964535268425
BBB,6M,Monthly,Act/Act AFB,4.571896453526842
BBB,6M,Monthly,30/360 Bond,4.609558020316273
BBB,6M,Monthly,30E/360,4.609558020316273
BBB,6M,Monthly,Act/Act ICMA,4.609836340670824
BBB,6M,Quarterly,Act/360,4.52693181370301
BBB,6M,Quarterly,Act/365F,4.589805866671107
BBB,6M,Quarterly,Act/Act ISDA,4.589805866671107
BBB,6M,Quarterly,Act/Act AFB,4.589805866671107
BBB,6M,Quarterly,30/360 Bond,4.6275302984519655
BBB,6M,Quarterly,30E/360,4.6275302984519655
BBB,6M,Quarterly,Act/Act ICMA,4.6275302984519655
BBB,6M,Semiann,Act/360,4.553928801515815
BBB,6M,Semiann,Act/365F,4.617177812647979
BBB,6M,Semiann,Act/Act ISDA,4.617177812647979
BBB,6M,Semiann,Act/Act AFB,4.617177812647979
BBB,6M,Semiann,30/360 Bond,4.6551272193272775
BBB,6M,Semiann,30E/360,4.6551272193272775
BBB,6M,Semiann,Act/Act ICMA,4.6551272193272775
BBB,12M,Monthly,Act/360,4.504517513524104
BBB,12M,Monthly,Act/365F,4.567080256767494
BBB,12M,Monthly,Act/Act ISDA,4.567080256767496
BBB,12M,Monthly,Act/Act AFB,4.567080256767494
BBB,12M,Monthly,30/360 Bond,4.567481739312711
BBB,12M,Monthly,30E/360,4.567481739312711
BBB,12M,Monthly,Act/Act ICMA,4.567712937801463
BBB,12M,Quarterly,Act/360,4.521826447499888
BBB,12M,Quarterly,Act/365F,4.584629592604053
BBB,12M,Quarterly,Act/Act ISDA,4.584629592604053
BBB,12M,Quarterly,Act/Act AFB,4.584629592604053
BBB,12M,Quarterly,30/360 Bond,4.584990627211194
BBB,12M,Quarterly,30E/360,4.584990627211194
BBB,12M,Quarterly,Act/Act ICMA,4.584990627211194
BBB,12M,Semiann,Act/360,4.548062083315204
BBB,12M,Semiann,Act/365F,4.6112296122501375
BBB,12M,Semiann,Act/Act ISDA,4.6112296122501375
BBB,12M,Semiann,Act/Act AFB,4.6112296122501375
BBB,12M,Semiann,30/360 Bond,4.6116574745623025
BBB,12M,Semiann,30E/360,4.6116574745623025
BBB,12M,Semiann,Act/Act ICMA,4.6116574745623025
BBB,12M,Annual,Act/360,4.600418619554865
BBB,12M,Annual,Act/365F,4.6643133226042375
BBB,12M,Annual,Act/Act ISDA,4.6643133226042375
BBB,12M,Annual,Act/Act AFB,4.6643133226042375
BBB,12M,Annual,30/360 Bond,4.6643133226042375
BBB,12M,Annual,30E/360,4.6643133226042375
BBB,12M,Annual,Act/Act ICMA,4.6643133226042375
BBB,24M,Monthly,Act/360,4.664562367089649
BBB,24M,Monthly,Act/365F,4.72934795552145
BBB,24M,Monthly,Act/Act ISDA,4.732556163225076
BBB,24M,Monthly,Act/Act AFB,4.729845398107826
BBB,24M,Monthly,30/360 Bond,4.7360624275290375
BBB,24M,Monthly,30E/360,4.7360624275290375
BBB,24M,Monthly,Act/Act ICMA,4.736286651556259
BBB,24M,Quarterly,Act/360,4.683076727880866
BBB,24M,Quarterly,Act/365F,4.748119460212545
BBB,24M,Quarterly,Act/Act ISDA,4.751340402198887
BBB,24M,Quarterly,Act/Act AFB,4.749686642957594
BBB,24M,Quarterly,30/360 Bond,4.754815563892368
BBB,24M,Quarterly,30E/360,4.754815563892368
BBB,24M,Quarterly,Act/Act ICMA,4.754815563892368
BBB,24M,Semiann,Act/360,4.7111222938739115
BBB,24M,Semiann,Act/365F,4.776554547955493
BBB,24M,Semiann,Act/Act ISDA,4.779794803593544
BBB,24M,Semiann,Act/Act AFB,4.779688841560592
BBB,24M,Semiann,30/360 Bond,4.783323883460334
BBB,24M,Semiann,30E/360,4.783323883460334
BBB,24M,Semiann,Act/Act ICMA,4.783323883460334
BBB,24M,Annual,Act/360,4.767547708826879
BBB,24M,Annual,Act/365F,4.833763649227253
BBB,24M,Annual,Act/Act ISDA,4.837079388688795
BBB,24M,Annual,Act/Act AFB,4.840222954135911
BBB,24M,Annual,30/360 Bond,4.840222954135911
BBB,24M,Annual,30E/360,4.840222954135911
BBB,24M,Annual,Act/Act ICMA,4.840222954135911
BB,1M,Monthly,Act/360,4.618934779972853
BB,1M,Monthly,Act/365F,4.683086651916921
BB,1M,Monthly,Act/Act ISDA,4.683086651916922
BB,1M,Monthly,Act/Act AFB,4.683086651916921
BB,1M,Monthly,30/360 Bond,4.7728992726386155
BB,1M,Monthly,30E/360,4.7728992726386155
BB,1M,Monthly,Act/Act ICMA,4.7728992726386155
BB,3M,Monthly,Act/360,4.799925114954859
BB,3M,Monthly,Act/365F,4.866590741551454
BB,3M,Monthly,Act/Act ISDA,4.866590741551457
BB,3M,Monthly,Act/Act AFB,4.866590741551454
BB,3M,Monthly,30/360 Bond,4.90680341492052
BB,3M,Monthly,30E/360,4.90680341492052
BB,3M,Monthly,Act/Act ICMA,4.907021020468802
BB,3M,Quarterly,Act/360,4.820052285408994
BB,3M,Quarterly,Act/365F,4.886997456039674
BB,3M,Quarterly,Act/Act ISDA,4.8869974560396745
BB,3M,Quarterly,Act/Act AFB,4.886997456039674
BB,3M,Quarterly,30/360 Bond,4.927164558418082
BB,3M,Quarterly,30E/360,4.927164558418082
BB,3M,Quarterly,Act/Act ICMA,4.927164558418082
BB,6M,Monthly,Act/360,4.937592387768348
BB,6M,Monthly,Act/365F,5.006170059820685
BB,6M,Monthly,Act/Act ISDA,5.006170059820687
BB,6M,Monthly,Act/Act AFB,5.006170059820685
BB,6M,Monthly,30/360 Bond,5.047417960794309
BB,6M,Monthly,30E/360,5.047417960794309
BB,6M,Monthly,Act/Act ICMA,5.047750894176568
BB,6M,Quarterly,Act/360,4.958738210036659
BB,6M,Quarterly,Act/365F,5.027609574064944
BB,6M,Quarterly,Act/Act ISDA,5.027609574064944
BB,6M,Quarterly,Act/Act AFB,5.027609574064944
BB,6M,Quarterly,30/360 Bond,5.0689323924819165
BB,6M,Quarterly,30E/360,5.0689323924819165
BB,6M,Quarterly,Act/Act ICMA,5.0689323924819165
BB,6M,Semiann,Act/360,4.991047784075509
BB,6M,Semiann,Act/365F,5.060367892187668
BB,6M,Semiann,Act/Act ISDA,5.060367892187668
BB,6M,Semiann,Act/Act AFB,5.060367892187668
BB,6M,Semiann,30/360 Bond,5.101959957054965
BB,6M,Semiann,30E/360,5.101959957054965
BB,6M,Semiann,Act/Act ICMA,5.101959957054965
BB,12M,Monthly,Act/360,4.932894095879985
BB,12M,Monthly,Act/365F,5.001406513878318
BB,12M,Monthly,Act/Act ISDA,5.001406513878319
BB,12M,Monthly,Act/Act AFB,5.001406513878318
BB,12M,Monthly,30/360 Bond,5.00188751181452
BB,12M,Monthly,30E/360,5.00188751181452
BB,12M,Monthly,Act/Act ICMA,5.002164430527185
BB,12M,Quarterly,Act/360,4.953637847489762
BB,12M,Quarterly,Act/365F,5.022438373149342
BB,12M,Quarterly,Act/Act ISDA,5.022438373149343
BB,12M,Quarterly,Act/Act AFB,5.022438373149342
BB,12M,Quarterly,30/360 Bond,5.022871041726071
BB,12M,Quarterly,30E/360,5.022871041726071
BB,12M,Quarterly,Act/Act ICMA,5.022871041726071
BB,12M,Semiann,Act/360,4.98509170226259
BB,12M,Semiann,Act/365F,5.054329087016236
BB,12M,Semiann,Act/Act ISDA,5.054329087016236
BB,12M,Semiann,Act/Act AFB,5.054329087016236
BB,12M,Semiann,30/360 Bond,5.054842619661913
BB,12M,Semiann,30E/360,5.054842619661913
BB,12M,Semiann,Act/Act ICMA,5.054842619661913
BB,12M,Annual,Act/360,5.04799976462279
BB,12M,Annual,Act/365F,5.118110872464773
BB,12M,Annual,Act/Act ISDA,5.118110872464773
BB,12M,Annual,Act/Act AFB,5.118110872464773
BB,12M,Annual,30/360 Bond,5.118110872464773
BB,12M,Annual,30E/360,5.118110872464773
BB,12M,Annual,Act/Act ICMA,5.118110872464773
BB,24M,Monthly,Act/360,5.093509902875764
BB,24M,Monthly,Act/365F,5.1642530959712625
BB,24M,Monthly,Act/Act ISDA,5.1677448425591255
BB,24M,Monthly,Act/Act AFB,5.164794776752782
BB,24M,Monthly,30/360 Bond,5.171608819836607
BB,24M,Monthly,30E/360,5.171608819836607
BB,24M,Monthly,Act/Act ICMA,5.171876151965355
BB,24M,Quarterly,Act/360,5.115582905160402
BB,24M,Quarterly,Act/365F,5.1866326677320735
BB,24M,Quarterly,Act/Act ISDA,5.190139575989098
BB,24M,Quarterly,Act/Act AFB,5.188339832588607
BB,24M,Quarterly,30/360 Bond,5.1939665790759735
BB,24M,Quarterly,30E/360,5.1939665790759735
BB,24M,Quarterly,Act/Act ICMA,5.1939665790759735
BB,24M,Semiann,Act/360,5.149033644350251
BB,24M,Semiann,Act/365F,5.220548000521781
BB,24M,Semiann,Act/Act ISDA,5.2240779137123585
BB,24M,Semiann,Act/Act AFB,5.223962236442049
BB,24M,Semiann,30/360 Bond,5.227969961879723
BB,24M,Semiann,30E/360,5.227969961879723
BB,24M,Semiann,Act/Act ICMA,5.227969961879723
BB,24M,Annual,Act/360,5.216437527878401
BB,24M,Annual,Act/365F,5.288888049098936
BB,24M,Annual,Act/Act ISDA,5.292507892268053
BB,24M,Annual,Act/Act AFB,5.295939760228376
BB,24M,Annual,30/360 Bond,5.295939760228376
BB,24M,Annual,30E/360,5.295939760228376
BB,24M,Annual,Act/Act ICMA,5.295939760228376
B,1M,Monthly,Act/360,5.451211929054868
B,1M,Monthly,Act/365F,5.5269232058472975
B,1M,Monthly,Act/Act ISDA,5.526923205847299
B,1M,Monthly,Act/Act AFB,5.5269232058472975
B,1M,Monthly,30/360 Bond,5.632918993356699
B,1M,Monthly,30E/360,5.632918993356699
B,1M,Monthly,Act/Act ICMA,5.632918993356699
B,3M,Monthly,Act/360,5.63221363152528
B,3M,Monthly,Act/365F,5.710438820852021
B,3M,Monthly,Act/Act ISDA,5.7104388208520245
B,3M,Monthly,Act/Act AFB,5.710438820852021
B,3M,Monthly,30/360 Bond,5.757666444052175
B,3M,Monthly,30E/360,5.757666444052175
B,3M,Monthly,Act/Act ICMA,5.757964293134662
B,3M,Quarterly,Act/360,5.659833063014717
B,3M,Quarterly,Act/365F,5.738441855556588
B,3M,Quarterly,Act/Act ISDA,5.738441855556588
B,3M,Quarterly,Act/Act AFB,5.738441855556588
B,3M,Quarterly,30/360 Bond,5.785607131081711
B,3M,Quarterly,30E/360,5.785607131081711
B,3M,Quarterly,Act/Act ICMA,5.785607131081711
B,6M,Monthly,Act/360,5.7698575232188665
B,6M,Monthly,Act/365F,5.849994433263573
B,6M,Monthly,Act/Act ISDA,5.849994433263576
B,6M,Monthly,Act/Act AFB,5.849994433263573
B,6M,Monthly,30/360 Bond,5.898215305589248
B,6M,Monthly,30E/360,5.898215305589248
B,6M,Monthly,Act/Act ICMA,5.898668276199318
B,6M,Quarterly,Act/360,5.798664886904352
B,6M,Quarterly,Act/365F,5.879201899222468
B,6M,Quarterly,Act/Act ISDA,5.879201899222468
B,6M,Quarterly,Act/Act AFB,5.879201899222468
B,6M,Quarterly,30/360 Bond,5.927524106613338
B,6M,Quarterly,30E/360,5.927524106613338
B,6M,Quarterly,Act/Act ICMA,5.927524106613338
B,6M,Semiann,Act/360,5.842673819548606
B,6M,Semiann,Act/365F,5.9238220670423365
B,6M,Semiann,Act/Act ISDA,5.9238220670423365
B,6M,Semiann,Act/Act AFB,5.9238220670423365
B,6M,Semiann,30/360 Bond,5.972511015538575
B,6M,Semiann,30E/360,5.972511015538575
B,6M,Semiann,Act/Act ICMA,5.972511015538575
B,12M,Monthly,Act/360,5.765256010196316
B,12M,Monthly,Act/365F,5.845329010337931
B,12M,Monthly,Act/Act ISDA,5.845329010337933
B,12M,Monthly,Act/Act AFB,5.845329010337931
B,12M,Monthly,30/360 Bond,5.8459850997270735
B,12M,Monthly,30E/360,5.8459850997270735
B,12M,Monthly,Act/Act ICMA,5.846362666844478
B,12M,Quarterly,Act/360,5.7935636026909805
B,12M,Quarterly,Act/365F,5.874029763839466
B,12M,Quarterly,Act/Act ISDA,5.874029763839466
B,12M,Quarterly,Act/Act AFB,5.874029763839466
B,12M,Quarterly,30/360 Bond,5.8746202396265375
B,12M,Quarterly,30E/360,5.8746202396265375
B,12M,Quarterly,Act/Act ICMA,5.8746202396265375
B,12M,Semiann,Act/360,5.836522426904485
B,12M,Semiann,Act/365F,5.91758523838927
B,12M,Semiann,Act/Act ISDA,5.91758523838927
B,12M,Semiann,Act/Act AFB,5.91758523838927
B,12M,Semiann,30/360 Bond,5.9182877848128586
B,12M,Semiann,30E/360,5.9182877848128586
B,12M,Semiann,Act/Act ICMA,5.9182877848128586
B,12M,Annual,Act/360,5.9227666741209095
B,12M,Annual,Act/365F,6.005027322372588
B,12M,Annual,Act/Act ISDA,6.005027322372588
B,12M,Annual,Act/Act AFB,6.005027322372588
B,12M,Annual,30/360 Bond,6.005027322372588
B,12M,Annual,30E/360,6.005027322372588
B,12M,Annual,Act/Act ICMA,6.005027322372588
B,24M,Monthly,Act/360,5.926961530689891
B,24M,Monthly,Act/365F,6.009280440838359
B,24M,Monthly,Act/Act ISDA,6.013317648577962
B,24M,Monthly,Act/Act AFB,6.009907356278179
B,24M,Monthly,30/360 Bond,6.01789370413183
B,24M,Monthly,30E/360,6.01789370413183
B,24M,Monthly,Act/Act ICMA,6.018255705130208
B,24M,Quarterly,Act/360,5.956844258374203
B,24M,Quarterly,Act/365F,6.039578206407178
B,24M,Quarterly,Act/Act ISDA,6.0436358705082265
B,24M,Quarterly,Act/Act AFB,6.041555371321749
B,24M,Quarterly,30/360 Bond,6.048162114218034
B,24M,Quarterly,30E/360,6.048162114218034
B,24M,Quarterly,Act/Act ICMA,6.048162114218034
B,24M,Semiann,Act/360,6.002171918232346
B,24M,Semiann,Act/365F,6.085535417096684
B,24M,Semiann,Act/Act ISDA,6.0896241481254405
B,24M,Semiann,Act/Act AFB,6.089489609979381
B,24M,Semiann,30/360 Bond,6.094240194911582
B,24M,Semiann,30E/360,6.094240194911582
B,24M,Semiann,Act/Act ICMA,6.094240194911582
B,24M,Annual,Act/360,6.09376437305581
B,24M,Annual,Act/365F,6.178399989348251
B,24M,Annual,Act/Act ISDA,6.182610284250809
B,24M,Annual,Act/Act AFB,6.1866019192342785
B,24M,Annual,30/360 Bond,6.1866019192342785
B,24M,Annual,30E/360,6.1866019192342785
B,24M,Annual,Act/Act ICMA,6.1866019192342785
CCC,1M,Monthly,Act/360,9.627753364476519
CCC,1M,Monthly,Act/365F,9.76147216120536
CCC,1M,Monthly,Act/Act ISDA,9.76147216120536
CCC,1M,Monthly,Act/Act AFB,9.76147216120536
CCC,1M,Monthly,30/360 Bond,9.948678476625737
CCC,1M,Monthly,30E/360,9.948678476625737
CCC,1M,Monthly,Act/Act ICMA,9.948678476625737
CCC,3M,Monthly,Act/360,9.808732693682106
CCC,3M,Monthly,Act/365F,9.944965092205468
CCC,3M,Monthly,Act/Act ISDA,9.944965092205473
CCC,3M,Monthly,Act/Act AFB,9.944965092205468
CCC,3M,Monthly,30/360 Bond,10.027581954126564
CCC,3M,Monthly,30E/360,10.027581954126564
CCC,3M,Monthly,Act/Act ICMA,10.028470614889532
CCC,3M,Quarterly,Act/360,9.891857984021627
CCC,3M,Quarterly,Act/365F,10.02924490046637
CCC,3M,Quarterly,Act/Act ISDA,10.029244900466372
CCC,3M,Quarterly,Act/Act AFB,10.02924490046637
CCC,3M,Quarterly,30/360 Bond,10.111677050333217
CCC,3M,Quarterly,30E/360,10.111677050333217
CCC,3M,Quarterly,Act/Act ICMA,10.111677050333217
CCC,6M,Monthly,Act/360,9.94626975180592
CCC,6M,Monthly,Act/365F,10.084412387247669
CCC,6M,Monthly,Act/Act ISDA,10.08441238724767
CCC,6M,Monthly,Act/Act AFB,10.084412387247669
CCC,6M,Monthly,30/360 Bond,10.167714188490844
CCC,6M,Monthly,30E/360,10.167714188490844
CCC,6M,Monthly,Act/Act ICMA,10.169045992355366
CCC,6M,Quarterly,Act/360,10.031420351444906
CCC,6M,Quarterly,Act/365F,10.17074563410386
CCC,6M,Quarterly,Act/Act ISDA,10.170745634103863
CCC,6M,Quarterly,Act/Act AFB,10.17074563410386
CCC,6M,Quarterly,30/360 Bond,10.254340803699238
CCC,6M,Quarterly,30E/360,10.254340803699238
CCC,6M,Quarterly,Act/Act ICMA,10.254340803699238
CCC,6M,Semiann,Act/360,10.16183776992573
CCC,6M,Semiann,Act/365F,10.302974405619143
CCC,6M,Semiann,Act/Act ISDA,10.302974405619143
CCC,6M,Semiann,Act/Act AFB,10.302974405619143
CCC,6M,Semiann,30/360 Bond,10.387656387035191
CCC,6M,Semiann,30E/360,10.387656387035191
CCC,6M,Semiann,Act/Act ICMA,10.387656387035191
CCC,12M,Monthly,Act/360,9.942072573613965
CCC,12M,Monthly,Act/365F,10.080156914914161
CCC,12M,Monthly,Act/Act ISDA,10.080156914914161
CCC,12M,Monthly,Act/Act AFB,10.080156914914161
CCC,12M,Monthly,30/360 Bond,10.082103197934577
CCC,12M,Monthly,30E/360,10.082103197934577
CCC,12M,Monthly,Act/Act ICMA,10.083221750084991
CCC,12M,Quarterly,Act/360,10.026103735253182
CCC,12M,Quarterly,Act/365F,10.165355176020586
CCC,12M,Quarterly,Act/Act ISDA,10.165355176020588
CCC,12M,Quarterly,Act/Act AFB,10.165355176020586
CCC,12M,Quarterly,30/360 Bond,10.167110469940972
CCC,12M,Quarterly,30E/360,10.167110469940972
CCC,12M,Quarterly,Act/Act ICMA,10.167110469940972
CCC,12M,Semiann,Act/360,10.154274367904026
CCC,12M,Semiann,Act/365F,10.295305956347137
CCC,12M,Semiann,Act/Act ISDA,10.295305956347137
CCC,12M,Semiann,Act/Act AFB,10.295305956347137
CCC,12M,Semiann,30/360 Bond,10.297410599570998
CCC,12M,Semiann,30E/360,10.297410599570998
CCC,12M,Semiann,Act/Act ICMA,10.297410599570998
CCC,12M,Annual,Act/360,10.415402139110755
CCC,12M,Annual,Act/365F,10.560060502153961
CCC,12M,Annual,Act/Act ISDA,10.560060502153961
CCC,12M,Annual,Act/Act AFB,10.560060502153961
CCC,12M,Annual,30/360 Bond,10.560060502153961
CCC,12M,Annual,30E/360,10.560060502153961
CCC,12M,Annual,Act/Act ICMA,10.560060502153961
CCC,24M,Monthly,Act/360,10.108861520587812
CCC,24M,Monthly,Act/365F,10.249262375040418
CCC,24M,Monthly,Act/Act ISDA,10.2559289744313
CCC,24M,Monthly,Act/Act AFB,10.250302680335123
CCC,24M,Monthly,30/360 Bond,10.264418399946871
CCC,24M,Monthly,30E/360,10.264418399946871
CCC,24M,Monthly,Act/Act ICMA,10.265474288216396
CCC,24M,Quarterly,Act/360,10.19580147471076
CCC,24M,Quarterly,Act/365F,10.337409828526187
CCC,24M,Quarterly,Act/Act ISDA,10.344134497223923
CCC,24M,Quarterly,Act/Act AFB,10.340702210621625
CCC,24M,Quarterly,30/360 Bond,10.35248159652778
CCC,24M,Quarterly,30E/360,10.35248159652778
CCC,24M,Quarterly,Act/Act ICMA,10.35248159652778
CCC,24M,Semiann,Act/360,10.328374682600236
CCC,24M,Semiann,Act/365F,10.471824330969683
CCC,24M,Semiann,Act/Act ISDA,10.478637664667643
CCC,24M,Semiann,Act/Act AFB,10.47840884645156
CCC,24M,Semiann,30/360 Bond,10.487264435634627
CCC,24M,Semiann,30E/360,10.487264435634627
CCC,24M,Semiann,Act/Act ICMA,10.487264435634627
CCC,24M,Annual,Act/360,10.599585108911166
CCC,24M,Annual,Act/365F,10.746801568757155
CCC,24M,Annual,Act/Act ISDA,10.753965319362495
CCC,24M,Annual,Act/Act AFB,10.76075682707832
CCC,24M,Annual,30/360 Bond,10.76075682707832
CCC,24M,Annual,30E/360,10.76075682707832
CCC,24M,Annual,Act/Act ICMA,10.76075682707832
