,AAA,AA,A,BBB,BB,B,CCC
1M,21.547868196441083,30.597374870175095,36.025114080653275,54.709393340094465,91.4243446173963,168.2471503198466,580.8837636347091
3M,26.351806181049987,35.395599870198524,40.81991376948327,59.49240894581112,96.18423630949668,172.95879429063473,585.3394011574969
6M,29.81508652556239,38.85187415519159,44.27198745743037,62.93003132585851,99.59350082398107,176.30889028148113,588.3755386923349
1Y,21.575775874036058,30.60997225755764,36.02853193540298,54.68123086868573,91.33421196150695,168.0277173559812,579.9782436462496
2Y,36.92237153390426,45.94770119566681,51.36094468163786,69.99535430214033,106.61244607998297,183.23106813242381,594.7842392732313
3Y,44.50112243014274,55.2142482449007,61.639370309769305,83.7545602874045,127.20027378460647,218.05940590424288,705.0090153595303
5Y,61.033623259597675,74.64855861509031,82.81307325296736,110.90980610871611,166.08193995950003,281.3605699829392,896.8175213041876
7Y,76.8929733160778,92.83900910934486,102.40053152587518,135.29971928018136,199.87923971849438,334.71626998559475,1052.3947129348933
10Y,89.12360726156386,106.7394413507821,117.30149898892948,153.63928426342918,224.95046729288913,373.76557168590716,1164.1204138399187
